step, error
0, 0.09971418976783752
1, 0.0853910893201828
2, 0.07837094366550446
3, 0.07567208260297775
4, 0.0743519738316536
5, 0.07247895747423172
6, 0.06951621174812317
7, 0.06589004397392273
8, 0.06250500679016113
9, 0.06035025790333748
10, 0.05988595262169838
11, 0.060384854674339294
12, 0.06048009172081947
13, 0.059531502425670624
14, 0.05790683254599571
15, 0.05631613731384277
16, 0.05522690340876579
17, 0.054666198790073395
18, 0.05435221642255783
19, 0.054000142961740494
20, 0.053435955196619034
21, 0.052636709064245224
22, 0.051692698150873184
23, 0.05075707286596298
24, 0.04997171089053154
25, 0.049401573836803436
26, 0.04900645464658737
27, 0.04864097014069557
28, 0.04815167188644409
29, 0.0475061759352684
30, 0.04680252447724342
31, 0.04617282748222351
32, 0.04568677023053169
33, 0.04531659185886383
34, 0.04497659206390381
35, 0.04459493234753609
36, 0.04415534809231758
37, 0.04368245229125023
38, 0.04323238879442215
39, 0.04285559430718422
40, 0.04251210018992424
41, 0.04208536446094513
42, 0.041550371795892715
43, 0.041037943214178085
44, 0.04061715304851532
45, 0.04022572934627533
46, 0.03978390246629715
47, 0.03931037336587906
48, 0.03890980780124664
49, 0.038559675216674805
50, 0.038122691214084625
51, 0.037697456777095795
52, 0.03735598549246788
53, 0.03697504103183746
54, 0.03656440228223801
55, 0.03623932600021362
56, 0.03585284203290939
57, 0.03547075018286705
58, 0.03515693545341492
59, 0.03477722406387329
60, 0.034441784024238586
61, 0.03408605232834816
62, 0.033715225756168365
63, 0.0333847813308239
64, 0.0330120250582695
65, 0.03269483894109726
66, 0.03232979401946068
67, 0.03201408311724663
68, 0.03166351094841957
69, 0.0313570499420166
70, 0.031010843813419342
71, 0.030698418617248535
72, 0.03036532551050186
73, 0.03006749041378498
74, 0.029758363962173462
75, 0.029445376247167587
76, 0.029152559116482735
77, 0.028847770765423775
78, 0.028561588376760483
79, 0.028275152668356895
80, 0.027983009815216064
81, 0.027712643146514893
82, 0.02744198590517044
83, 0.02716829814016819
84, 0.026909159496426582
85, 0.026654541492462158
86, 0.02639293298125267
87, 0.026137517765164375
88, 0.025896042585372925
89, 0.025655802339315414
90, 0.025411101058125496
91, 0.02516990154981613
92, 0.024935204535722733
93, 0.024703077971935272
94, 0.02447405457496643
95, 0.024247393012046814
96, 0.024023277685046196
97, 0.023802751675248146
98, 0.023586740717291832
99, 0.023374302312731743
100, 0.023167023435235023
101, 0.022971974685788155
102, 0.02280818112194538
103, 0.02268453687429428
104, 0.022663921117782593
105, 0.022494129836559296
106, 0.02220926061272621
107, 0.02179975062608719
108, 0.02168736606836319
109, 0.02170834317803383
110, 0.021410558372735977
111, 0.021085994318127632
112, 0.020968468859791756
113, 0.020900366827845573
114, 0.020698050037026405
115, 0.02041090838611126
116, 0.020283019170165062
117, 0.020218364894390106
118, 0.02000531554222107
119, 0.0197607409209013
120, 0.01960410736501217
121, 0.019510015845298767
122, 0.019381357356905937
123, 0.01916523464024067
124, 0.01896509900689125
125, 0.018824828788638115
126, 0.018715454265475273
127, 0.0185948945581913
128, 0.018421562388539314
129, 0.01823575608432293
130, 0.01805717498064041
131, 0.017904067412018776
132, 0.017774797976017
133, 0.01765977032482624
134, 0.017558984458446503
135, 0.017456896603107452
136, 0.017386358231306076
137, 0.01727810874581337
138, 0.017191236838698387
139, 0.01698940619826317
140, 0.016782432794570923
141, 0.016557514667510986
142, 0.016391374170780182
143, 0.01628553494811058
144, 0.016216780990362167
145, 0.01617433689534664
146, 0.016097981482744217
147, 0.01602613739669323
148, 0.01584496721625328
149, 0.015657365322113037
150, 0.015450675040483475
151, 0.015294979326426983
152, 0.015192770399153233
153, 0.015126639045774937
154, 0.0150855528190732
155, 0.01502891257405281
156, 0.014988073147833347
157, 0.014860700815916061
158, 0.014726724475622177
159, 0.014527122490108013
160, 0.014355480670928955
161, 0.014225472696125507
162, 0.014142132364213467
163, 0.014091097749769688
164, 0.014048559591174126
165, 0.01402604952454567
166, 0.013961303979158401
167, 0.013910267502069473
168, 0.013764851726591587
169, 0.01361954864114523
170, 0.013441267423331738
171, 0.013299616053700447
172, 0.013200998306274414
173, 0.013139716349542141
174, 0.013104686513543129
175, 0.013074853457510471
176, 0.01307325903326273
177, 0.013030809350311756
178, 0.013017554767429829
179, 0.012882711365818977
180, 0.012745944783091545
181, 0.012542744167149067
182, 0.012385576963424683
183, 0.012289417907595634
184, 0.012248966842889786
185, 0.012244290672242641
186, 0.012232255190610886
187, 0.01223728060722351
188, 0.012160931713879108
189, 0.012087217532098293
190, 0.011922108009457588
191, 0.01177201047539711
192, 0.011636893264949322
193, 0.011548662558197975
194, 0.011501123197376728
195, 0.011478009633719921
196, 0.01147726271301508
197, 0.01146538183093071
198, 0.011486800387501717
199, 0.011437478475272655
200, 0.011411532759666443
201, 0.011257082223892212
202, 0.011109944432973862
203, 0.0109402472153306
204, 0.01082630269229412
205, 0.010771078057587147
206, 0.010757586918771267
207, 0.010770264081656933
208, 0.010765811428427696
209, 0.010778228752315044
210, 0.01071314699947834
211, 0.010656316764652729
212, 0.010516206733882427
213, 0.010390319861471653
214, 0.010268247686326504
215, 0.010184096172451973
216, 0.010134726762771606
217, 0.010110651142895222
218, 0.010107677429914474
219, 0.01011014636605978
220, 0.01015041396021843
221, 0.01016223058104515
222, 0.01023370772600174
223, 0.010165524668991566
224, 0.010112760588526726
225, 0.009888086467981339
226, 0.009699996560811996
227, 0.009572790935635567
228, 0.009546132758259773
229, 0.00958580244332552
230, 0.009614299051463604
231, 0.009628663770854473
232, 0.009532628580927849
233, 0.009423390030860901
234, 0.009291397407650948
235, 0.009202202782034874
236, 0.009161057882010937
237, 0.00915513001382351
238, 0.009166862815618515
239, 0.00916103646159172
240, 0.009159430861473083
241, 0.009108636528253555
242, 0.009062066674232483
243, 0.008973140269517899
244, 0.008893657475709915
245, 0.008808471262454987
246, 0.008739728480577469
247, 0.008685063570737839
248, 0.00864303670823574
249, 0.00861071702092886
250, 0.008586067706346512
251, 0.008572107180953026
252, 0.00856799352914095
253, 0.008598346263170242
254, 0.008646884001791477
255, 0.008802169002592564
256, 0.00891334842890501
257, 0.0091795539483428
258, 0.00897953286767006
259, 0.00874532014131546
260, 0.008294576779007912
261, 0.008153286762535572
262, 0.008317345753312111
263, 0.008440036326646805
264, 0.008392177522182465
265, 0.008104286156594753
266, 0.007976869121193886
267, 0.008062692359089851
268, 0.008134971372783184
269, 0.008081953041255474
270, 0.007897017523646355
271, 0.007813247852027416
272, 0.00785860139876604
273, 0.007894288748502731
274, 0.007851441390812397
275, 0.0077278190292418
276, 0.00765201635658741
277, 0.007654345594346523
278, 0.0076755341142416
279, 0.007662917021661997
280, 0.0075874230824410915
281, 0.0075109004974365234
282, 0.0074684289284050465
283, 0.0074619087390601635
284, 0.0074645825661718845
285, 0.007442999165505171
286, 0.007401358801871538
287, 0.007343709468841553
288, 0.007294178940355778
289, 0.0072600641287863255
290, 0.007240312173962593
291, 0.007227451540529728
292, 0.007212204858660698
293, 0.0071943667717278
294, 0.007166658993810415
295, 0.007137936074286699
296, 0.007102633360773325
297, 0.007069441955536604
298, 0.007034594193100929
299, 0.007002970203757286
300, 0.006971882656216621
301, 0.006944021210074425
302, 0.0069175236858427525
303, 0.0068954164162278175
304, 0.006876727100461721
305, 0.006868652068078518
306, 0.006871419493108988
307, 0.006909769494086504
308, 0.006978553254157305
309, 0.007168168667703867
310, 0.007358643691986799
311, 0.00777673814445734
312, 0.007652769330888987
313, 0.007466460112482309
314, 0.0068078781478106976
315, 0.006580030079931021
316, 0.006834394298493862
317, 0.007005681749433279
318, 0.006882069166749716
319, 0.006527871824800968
320, 0.00651664100587368
321, 0.0067327627912163734
322, 0.00667800335213542
323, 0.0064659276977181435
324, 0.006374029442667961
325, 0.006480746902525425
326, 0.006538494490087032
327, 0.006383878644555807
328, 0.006276858504861593
329, 0.006320739630609751
330, 0.006362686865031719
331, 0.006303020752966404
332, 0.006198091432452202
333, 0.006182932294905186
334, 0.006223529577255249
335, 0.006204195320606232
336, 0.006133774761110544
337, 0.00607948238030076
338, 0.0060812439769506454
339, 0.006095061078667641
340, 0.00606551906093955
341, 0.006012262310832739
342, 0.0059735397808253765
343, 0.005966189317405224
344, 0.005967315286397934
345, 0.0059473589062690735
346, 0.0059103709645569324
347, 0.00587294390425086
348, 0.0058512696996331215
349, 0.005842315498739481
350, 0.005832136608660221
351, 0.005812992341816425
352, 0.005783745087683201
353, 0.005753796081990004
354, 0.0057291435077786446
355, 0.005711517296731472
356, 0.00569786224514246
357, 0.0056834956631064415
358, 0.005666298326104879
359, 0.005644848104566336
360, 0.005621607415378094
361, 0.005597724113613367
362, 0.00557510694488883
363, 0.0055542150512337685
364, 0.005535050295293331
365, 0.005517215933650732
366, 0.005500264931470156
367, 0.00548400217667222
368, 0.005468228831887245
369, 0.005453499499708414
370, 0.005439744330942631
371, 0.005428942386060953
372, 0.005421006586402655
373, 0.005421766079962254
374, 0.005430733319371939
375, 0.005466530565172434
376, 0.005521559156477451
377, 0.005655206739902496
378, 0.005791885312646627
379, 0.0060786413960158825
380, 0.006103513762354851
381, 0.006136772688478231
382, 0.0056604319252073765
383, 0.00528976134955883
384, 0.005205835681408644
385, 0.005398008041083813
386, 0.0055856723338365555
387, 0.005421048030257225
388, 0.005190221127122641
389, 0.005114647559821606
390, 0.005228227935731411
391, 0.005325006786733866
392, 0.005209553521126509
393, 0.005065975245088339
394, 0.005041006952524185
395, 0.005112687591463327
396, 0.005144799593836069
397, 0.005056117195636034
398, 0.004969676956534386
399, 0.0049636526964604855
400, 0.005002783611416817
401, 0.0050092702731490135
402, 0.00494882557541132
403, 0.004890230484306812
404, 0.0048767137341201305
405, 0.004893730394542217
406, 0.004899113904684782
407, 0.004865777678787708
408, 0.00482152821496129
409, 0.004793491680175066
410, 0.004789839498698711
411, 0.004793961066752672
412, 0.0047839051112532616
413, 0.004759175702929497
414, 0.0047277784906327724
415, 0.004704522900283337
416, 0.004693161230534315
417, 0.0046881334856152534
418, 0.004681574180722237
419, 0.0046672336757183075
420, 0.004647415596991777
421, 0.004624823573976755
422, 0.004604626912623644
423, 0.004588693846017122
424, 0.004576679784804583
425, 0.004566693678498268
426, 0.004556469619274139
427, 0.004545069299638271
428, 0.004531404003500938
429, 0.004516600631177425
430, 0.004500486887991428
431, 0.004484380129724741
432, 0.00446825148537755
433, 0.004452674649655819
434, 0.0044375257566571236
435, 0.004422883037477732
436, 0.00440860353410244
437, 0.004394620191305876
438, 0.0043808394111692905
439, 0.0043671997264027596
440, 0.004353669006377459
441, 0.004340210929512978
442, 0.004326829686760902
443, 0.0043135094456374645
444, 0.0043002585880458355
445, 0.0042870971374213696
446, 0.004274057690054178
447, 0.00426124781370163
448, 0.0042488533072173595
449, 0.004237334243953228
450, 0.004227625671774149
451, 0.0042222049087285995
452, 0.0042258370667696
453, 0.004253137391060591
454, 0.004327184520661831
455, 0.0045381211675703526
456, 0.004935275297611952
457, 0.005942696705460548
458, 0.006540216039866209
459, 0.007316810544580221
460, 0.005027047358453274
461, 0.004156286362558603
462, 0.005197336431592703
463, 0.005074692890048027
464, 0.004216543398797512
465, 0.0043500070460140705
466, 0.004753617569804192
467, 0.004339211154729128
468, 0.004115799907594919
469, 0.004537633620202541
470, 0.0043442766182124615
471, 0.0040384624153375626
472, 0.0043877651914954185
473, 0.0042954967357218266
474, 0.003992500714957714
475, 0.004277202766388655
476, 0.004232507664710283
477, 0.003946555778384209
478, 0.004189637023955584
479, 0.004159850534051657
480, 0.003907144069671631
481, 0.004108903929591179
482, 0.0040984684601426125
483, 0.003871867200359702
484, 0.004030193667858839
485, 0.004041873384267092
486, 0.0038394241128116846
487, 0.003953641280531883
488, 0.003985405433923006
489, 0.0038104834966361523
490, 0.003878210671246052
491, 0.0039297956973314285
492, 0.0037842695601284504
493, 0.003808494657278061
494, 0.0038702073507010937
495, 0.003761021653190255
496, 0.0037481593899428844
497, 0.003805408487096429
498, 0.0037379919085651636
499, 0.003698798129335046
500, 0.0037407949566841125
501, 0.0037121186032891273
502, 0.0036626197397708893
503, 0.003680418711155653
504, 0.003679779591038823
505, 0.0036373469047248363
506, 0.0036292995791882277
507, 0.0036402936093509197
508, 0.003616205183789134
509, 0.0035910282749682665
510, 0.0035962474066764116
511, 0.0035906413104385138
512, 0.00356398057192564
513, 0.003554246388375759
514, 0.003555956296622753
515, 0.0035405829548835754
516, 0.003521285019814968
517, 0.003516601165756583
518, 0.0035120754037052393
519, 0.003496267832815647
520, 0.0034821005538105965
521, 0.0034771396312862635
522, 0.00346991210244596
523, 0.003455422120168805
524, 0.003443588735535741
525, 0.0034374436363577843
526, 0.0034291294869035482
527, 0.003416434396058321
528, 0.0034053619019687176
529, 0.0033980621956288815
530, 0.0033898181281983852
531, 0.0033784816041588783
532, 0.00336765730753541
533, 0.003359405556693673
534, 0.003351271152496338
535, 0.00334118097089231
536, 0.0033305957913398743
537, 0.003321543335914612
538, 0.0033133397810161114
539, 0.003304215846583247
540, 0.003294177819043398
541, 0.0032845998648554087
542, 0.003275972791016102
543, 0.0032674020621925592
544, 0.003258134238421917
545, 0.0032485616393387318
546, 0.003239431418478489
547, 0.003230805043131113
548, 0.0032221339643001556
549, 0.0032130619511008263
550, 0.003203841857612133
551, 0.003194875316694379
552, 0.0031862230971455574
553, 0.0031776006799191236
554, 0.0031687829177826643
555, 0.0031598354689776897
556, 0.003150972304865718
557, 0.0031423037871718407
558, 0.003133748658001423
559, 0.003125155111774802
560, 0.0031164693646132946
561, 0.0031077517196536064
562, 0.0030991078820079565
563, 0.0030905711464583874
564, 0.003082106588408351
565, 0.00307364109903574
566, 0.003065141150727868
567, 0.003056626534089446
568, 0.0030481379944831133
569, 0.003039707662537694
570, 0.0030313360039144754
571, 0.0030229974072426558
572, 0.003014670917764306
573, 0.003006345359608531
574, 0.002998020499944687
575, 0.002989713102579117
576, 0.002981429686769843
577, 0.0029731793329119682
578, 0.0029649650678038597
579, 0.002956781769171357
580, 0.0029486161656677723
581, 0.0029404787346720695
582, 0.00293235806748271
583, 0.002924260450527072
584, 0.0029161854181438684
585, 0.0029081383254379034
586, 0.0029001154471188784
587, 0.002892118878662586
588, 0.002884147921577096
589, 0.002876200480386615
590, 0.0028682774864137173
591, 0.0028603782411664724
592, 0.0028525067027658224
593, 0.0028446572832763195
594, 0.002836832543835044
595, 0.0028290324844419956
596, 0.002821255475282669
597, 0.0028135045431554317
598, 0.002805778756737709
599, 0.002798084169626236
600, 0.0027904233429580927
601, 0.00278280396014452
602, 0.0027752388268709183
603, 0.0027677579782903194
604, 0.002760412869974971
605, 0.002753285225480795
606, 0.002746578073129058
607, 0.002740616910159588
608, 0.0027361938264220953
609, 0.0027345807757228613
610, 0.0027392685879021883
611, 0.0027551327366381884
612, 0.002798725850880146
613, 0.002885091584175825
614, 0.0030921942088752985
615, 0.0034039600286632776
616, 0.004087522625923157
617, 0.004405479412525892
618, 0.004756721202284098
619, 0.003534511895850301
620, 0.002720845164731145
621, 0.002925780601799488
622, 0.003427038434892893
623, 0.0033436573576182127
624, 0.0027171422261744738
625, 0.0028609137516468763
626, 0.00328438519500196
627, 0.002881136257201433
628, 0.0026376983150839806
629, 0.0029324707575142384
630, 0.0028855029959231615
631, 0.0026311378460377455
632, 0.0026795389130711555
633, 0.002795203821733594
634, 0.002688029548153281
635, 0.002576391212642193
636, 0.002676614560186863
637, 0.0027112928219139576
638, 0.0025696391239762306
639, 0.0025689236354082823
640, 0.00265547726303339
641, 0.002591750118881464
642, 0.002519325353205204
643, 0.0025580881629139185
644, 0.0025817533023655415
645, 0.0025270855985581875
646, 0.002491116290912032
647, 0.002525493036955595
648, 0.0025316369719803333
649, 0.0024809010792523623
650, 0.002467602025717497
651, 0.0024903379380702972
652, 0.0024823860730975866
653, 0.0024501776788383722
654, 0.0024395373184233904
655, 0.0024525439366698265
656, 0.0024476919788867235
657, 0.002422385849058628
658, 0.002412770874798298
659, 0.002418956719338894
660, 0.0024151895195245743
661, 0.002398456446826458
662, 0.002386239357292652
663, 0.002387002110481262
664, 0.002386384876444936
665, 0.002374547068029642
666, 0.0023622969165444374
667, 0.0023579054977744818
668, 0.0023567345924675465
669, 0.0023509615566581488
670, 0.0023402448277920485
671, 0.002331908792257309
672, 0.002328509232029319
673, 0.0023251373786479235
674, 0.0023183550219982862
675, 0.0023096392396837473
676, 0.002302675973623991
677, 0.002298458246514201
678, 0.002294237958267331
679, 0.0022879759781062603
680, 0.002280568005517125
681, 0.0022739372216165066
682, 0.002268838696181774
683, 0.0022642735857516527
684, 0.002258776221424341
685, 0.0022522835060954094
686, 0.0022458292078226805
687, 0.0022401167079806328
688, 0.002235088963061571
689, 0.0022300390992313623
690, 0.0022243978455662727
691, 0.0022183647379279137
692, 0.0022124226670712233
693, 0.002206872683018446
694, 0.002201677532866597
695, 0.002196519635617733
696, 0.002191116102039814
697, 0.002185485325753689
698, 0.002179807750508189
699, 0.0021742582321166992
700, 0.002168929437175393
701, 0.002163730328902602
702, 0.0021585184149444103
703, 0.002153226872906089
704, 0.002147840103134513
705, 0.0021424132864922285
706, 0.002137034200131893
707, 0.0021317386999726295
708, 0.002126521896570921
709, 0.002121362602338195
710, 0.002116217277944088
711, 0.0021110489033162594
712, 0.0021058639977127314
713, 0.0021006616298109293
714, 0.0020954604260623455
715, 0.0020902794785797596
716, 0.002085129963234067
717, 0.002080014208331704
718, 0.0020749287214130163
719, 0.002069873036816716
720, 0.0020648345816880465
721, 0.002059814753010869
722, 0.0020548072643578053
723, 0.0020498093217611313
724, 0.0020448246505111456
725, 0.0020398523192852736
726, 0.0020348939578980207
727, 0.0020299525931477547
728, 0.0020250300876796246
729, 0.002020125510171056
730, 0.0020152488723397255
731, 0.0020103997085243464
732, 0.002005587564781308
733, 0.002000825246796012
734, 0.00199613138101995
735, 0.0019915420562028885
736, 0.0019871045369654894
737, 0.001982935704290867
738, 0.00197918014600873
739, 0.001976198283955455
740, 0.0019744420424103737
741, 0.001975167542695999
742, 0.0019797903951257467
743, 0.0019929620902985334
744, 0.0020186263136565685
745, 0.002074792515486479
746, 0.0021663436200469732
747, 0.0023579502012580633
748, 0.0025899941101670265
749, 0.003018394112586975
750, 0.0031274042557924986
751, 0.0031650178134441376
752, 0.002487650839611888
753, 0.0019953118171542883
754, 0.001999584259465337
755, 0.002324312459677458
756, 0.002477999310940504
757, 0.002128339372575283
758, 0.0019147659186273813
759, 0.002052782801911235
760, 0.002194397384300828
761, 0.002107621170580387
762, 0.0019042558269575238
763, 0.0019443274941295385
764, 0.002087579108774662
765, 0.0020198028068989515
766, 0.0018907609628513455
767, 0.0018865888705477118
768, 0.001963839866220951
769, 0.001973868580535054
770, 0.0018865159945562482
771, 0.001846774946898222
772, 0.0018933367682620883
773, 0.0019184781704097986
774, 0.0018753535114228725
775, 0.0018265718827024102
776, 0.0018383078277111053
777, 0.0018691093428060412
778, 0.0018569292733445764
779, 0.001820132602006197
780, 0.0018033778760582209
781, 0.001818890799768269
782, 0.0018307254649698734
783, 0.0018130391836166382
784, 0.0017888258444145322
785, 0.001783821964636445
786, 0.0017929603345692158
787, 0.0017954448703676462
788, 0.0017829438438639045
789, 0.0017671814421191812
790, 0.001761672436259687
791, 0.0017657519783824682
792, 0.0017669347580522299
793, 0.001758825033903122
794, 0.001747598871588707
795, 0.0017407977720722556
796, 0.0017400388605892658
797, 0.0017405541148036718
798, 0.001737066893838346
799, 0.001729518175125122
800, 0.0017218516441062093
801, 0.001717558829113841
802, 0.0017158308764919639
803, 0.0017141896532848477
804, 0.001710656681098044
805, 0.001704943017102778
806, 0.0016989768482744694
807, 0.0016944176750257611
808, 0.0016914157895371318
809, 0.0016889619873836637
810, 0.0016859372844919562
811, 0.0016819314332678914
812, 0.0016771110240370035
813, 0.0016724059823900461
814, 0.0016683728899806738
815, 0.001664975075982511
816, 0.0016619152156636119
817, 0.0016587541904300451
818, 0.001655201893299818
819, 0.0016512396978214383
820, 0.0016471219714730978
821, 0.0016431009862571955
822, 0.001639292691834271
823, 0.001635759137570858
824, 0.0016324090538546443
825, 0.0016290851635858417
826, 0.0016256910748779774
827, 0.0016221948899328709
828, 0.0016185790300369263
829, 0.001614893670193851
830, 0.0016111894510686398
831, 0.0016075308667495847
832, 0.0016039172187447548
833, 0.0016003763303160667
834, 0.0015969027299433947
835, 0.0015934753464534879
836, 0.0015900795115157962
837, 0.0015867064939811826
838, 0.0015833508223295212
839, 0.0015799975953996181
840, 0.0015766526339575648
841, 0.0015733205946162343
842, 0.001570003223605454
843, 0.001566705177538097
844, 0.0015634428709745407
845, 0.001560223987326026
846, 0.0015570730902254581
847, 0.0015540075255557895
848, 0.0015510906232520938
849, 0.0015483637107536197
850, 0.001545982202515006
851, 0.0015440662391483784
852, 0.0015430344501510262
853, 0.0015432124491780996
854, 0.0015458373818546534
855, 0.0015517394058406353
856, 0.001564846490509808
857, 0.0015867478214204311
858, 0.0016303284792229533
859, 0.0016942712245509028
860, 0.0018182566855102777
861, 0.001960587687790394
862, 0.002214637817814946
863, 0.002327258698642254
864, 0.0024491434451192617
865, 0.0021311230957508087
866, 0.0017837347695603967
867, 0.001521093538030982
868, 0.0015709433937445283
869, 0.0017863530665636063
870, 0.0018301225500181317
871, 0.001713357400149107
872, 0.001524327090010047
873, 0.001509601715952158
874, 0.001635330612771213
875, 0.0016748248599469662
876, 0.0015984694473445415
877, 0.001482187071815133
878, 0.0014898352092131972
879, 0.0015712614404037595
880, 0.0015810971381142735
881, 0.001523650367744267
882, 0.0014638429274782538
883, 0.0014668767107650638
884, 0.0015074692200869322
885, 0.001521555008366704
886, 0.0014923189301043749
887, 0.0014472826151177287
888, 0.0014364112867042422
889, 0.0014625764451920986
890, 0.0014773173024877906
891, 0.0014631844824180007
892, 0.0014333291910588741
893, 0.0014196911361068487
894, 0.0014262052718549967
895, 0.0014380933716893196
896, 0.0014393188757821918
897, 0.00142334692645818
898, 0.0014064423739910126
899, 0.001401266548782587
900, 0.0014069920871406794
901, 0.0014115122612565756
902, 0.00140820920933038
903, 0.0013990799197927117
904, 0.001389309298247099
905, 0.0013835009885951877
906, 0.001383699825964868
907, 0.0013858773745596409
908, 0.0013854119461029768
909, 0.0013802804751321673
910, 0.0013737045228481293
911, 0.0013678092509508133
912, 0.0013641341356560588
913, 0.0013627540320158005
914, 0.0013623706763610244
915, 0.0013612160691991448
916, 0.0013580532977357507
917, 0.001353882602415979
918, 0.0013494218001142144
919, 0.0013454853324219584
920, 0.0013423771597445011
921, 0.0013402467593550682
922, 0.001338611706160009
923, 0.0013367701321840286
924, 0.001334460685029626
925, 0.0013316534459590912
926, 0.001328535145148635
927, 0.0013251823838800192
928, 0.0013219175161793828
929, 0.00131891795899719
930, 0.0013162276009097695
931, 0.001313710119575262
932, 0.0013113552704453468
933, 0.0013090798165649176
934, 0.0013068440603092313
935, 0.0013045648811385036
936, 0.0013022241182625294
937, 0.0012998534366488457
938, 0.0012974278070032597
939, 0.0012949993833899498
940, 0.0012925666524097323
941, 0.0012901723384857178
942, 0.0012878113193437457
943, 0.0012855633394792676
944, 0.0012834055814892054
945, 0.0012814899673685431
946, 0.0012797113740816712
947, 0.0012784102000296116
948, 0.0012775046052411199
949, 0.0012775980867445469
950, 0.0012786295264959335
951, 0.0012819855473935604
952, 0.0012873855885118246
953, 0.001298393472097814
954, 0.0013133598258718848
955, 0.0013414147542789578
956, 0.0013761972077190876
957, 0.0014385335380211473
958, 0.0015016975812613964
959, 0.0016097747720777988
960, 0.001668419106863439
961, 0.0017525226576253772
962, 0.001684880699031055
963, 0.0015940540470182896
964, 0.0014046573778614402
965, 0.0012715221382677555
966, 0.0012387613533064723
967, 0.0012960140593349934
968, 0.001380957430228591
969, 0.0013988028513267636
970, 0.0013634248171001673
971, 0.0012784627033397555
972, 0.001224202336743474
973, 0.0012286760611459613
974, 0.0012679280480369925
975, 0.0013036394957453012
976, 0.0012929406948387623
977, 0.001259328331798315
978, 0.0012212491128593683
979, 0.001204156782478094
980, 0.0012136680306866765
981, 0.0012305902782827616
982, 0.0012430701171979308
983, 0.0012362559791654348
984, 0.001218135585077107
985, 0.0011986512690782547
986, 0.001187051646411419
987, 0.0011885934509336948
988, 0.0011951784836128354
989, 0.0012014508247375488
990, 0.0012011650251224637
991, 0.0011943569406867027
992, 0.0011846910929307342
993, 0.001174819190055132
994, 0.0011697853915393353
995, 0.0011677657021209598
996, 0.0011688648955896497
997, 0.0011706002987921238
998, 0.0011707502417266369
999, 0.0011695849243551493
1000, 0.0011659591691568494
1001, 0.0011617235140874982
1002, 0.0011564507149159908
1003, 0.0011518863029778004
1004, 0.001148245413787663
1005, 0.0011454959167167544
1006, 0.0011437971843406558
1007, 0.0011422017123550177
1008, 0.0011414336040616035
1009, 0.001140426378697157
1010, 0.0011394864413887262
1011, 0.0011382665252313018
1012, 0.0011368462583050132
1013, 0.0011354981688782573
1014, 0.0011337798787280917
1015, 0.0011322763748466969
1016, 0.0011305095395073295
1017, 0.0011292010312899947
1018, 0.0011277380399405956
1019, 0.001126836403273046
1020, 0.001126111950725317
1021, 0.0011262340703979135
1022, 0.0011268611997365952
1023, 0.0011290359543636441
1024, 0.0011322242207825184
1025, 0.001138580497354269
1026, 0.001146588008850813
1027, 0.001161223859526217
1028, 0.0011783498339354992
1029, 0.0012084455229341984
1030, 0.0012393957003951073
1031, 0.0012928317300975323
1032, 0.001333265914581716
1033, 0.0014004041440784931
1034, 0.0014145368477329612
1035, 0.0014374045422300696
1036, 0.0013678637333214283
1037, 0.0012929291697219014
1038, 0.0011815268080681562
1039, 0.0011062176199629903
1040, 0.001080183545127511
1041, 0.001102382317185402
1042, 0.0011481663677841425
1043, 0.0011792643927037716
1044, 0.0011898045195266604
1045, 0.0011569504858925939
1046, 0.0011161458678543568
1047, 0.0010780494194477797
1048, 0.00106335268355906
1049, 0.0010719601996243
1050, 0.0010914045851677656
1051, 0.0011091113556176424
1052, 0.0011101221898570657
1053, 0.001100989175029099
1054, 0.0010812808759510517
1055, 0.001063393778167665
1056, 0.0010512974113225937
1057, 0.0010473562870174646
1058, 0.001050154329277575
1059, 0.0010561916278675199
1060, 0.001062197145074606
1061, 0.0010640299879014492
1062, 0.0010620313696563244
1063, 0.001055301632732153
1064, 0.00104728143196553
1065, 0.0010391337564215064
1066, 0.0010328469797968864
1067, 0.0010287400800734758
1068, 0.00102671526838094
1069, 0.0010262824362143874
1070, 0.0010268251644447446
1071, 0.0010277939727529883
1072, 0.0010284761665388942
1073, 0.0010288771009072661
1074, 0.0010283845476806164
1075, 0.001027719466947019
1076, 0.0010263555450364947
1077, 0.0010251649655401707
1078, 0.0010235023219138384
1079, 0.0010221987031400204
1080, 0.0010206210426986217
1081, 0.0010196906514465809
1082, 0.0010187315056100488
1083, 0.001018776441924274
1084, 0.001018935814499855
1085, 0.0010206109145656228
1086, 0.0010226466692984104
1087, 0.0010272776708006859
1088, 0.0010326955234631896
1089, 0.001042697113007307
1090, 0.0010538001079112291
1091, 0.0010731432121247053
1092, 0.0010927420808002353
1093, 0.0011262609623372555
1094, 0.0011540973791852593
1095, 0.001200967002660036
1096, 0.0012231320142745972
1097, 0.0012604697840288281
1098, 0.0012421815190464258
1099, 0.0012248206185176969
1100, 0.0011503576533868909
1101, 0.0010817607399076223
1102, 0.001013151602819562
1103, 0.0009767892770469189
1104, 0.0009739029337652028
1105, 0.0009952642722055316
1106, 0.0010255789384245872
1107, 0.001044372795149684
1108, 0.0010525410762056708
1109, 0.0010348559590056539
1110, 0.0010116869816556573
1111, 0.0009822413558140397
1112, 0.0009620899800211191
1113, 0.0009544449276290834
1114, 0.000958839023951441
1115, 0.0009701442322693765
1116, 0.0009803927969187498
1117, 0.0009871760848909616
1118, 0.0009842824656516314
1119, 0.0009778772946447134
1120, 0.000966911728028208
1121, 0.000957053794991225
1122, 0.0009486004710197449
1123, 0.0009426787146367133
1124, 0.0009388331673108041
1125, 0.0009369138278998435
1126, 0.0009367308812215924
1127, 0.0009379113907925785
1128, 0.0009400364360772073
1129, 0.0009420462301932275
1130, 0.000943727558478713
1131, 0.0009440516587346792
1132, 0.0009439741843380034
1133, 0.0009428407647646964
1134, 0.0009421246941201389
1135, 0.0009408771293237805
1136, 0.0009404435404576361
1137, 0.0009393760119564831
1138, 0.0009392638457939029
1139, 0.0009385885205119848
1140, 0.0009393886430189013
1141, 0.0009400977287441492
1142, 0.0009430348873138428
1143, 0.0009461413719691336
1144, 0.0009524536435492337
1145, 0.000958858581725508
1146, 0.0009702673996798694
1147, 0.0009811746422201395
1148, 0.001000000978820026
1149, 0.0010156921343877912
1150, 0.00104256730992347
1151, 0.0010585098061710596
1152, 0.001086510019376874
1153, 0.0010889004915952682
1154, 0.0010987288551405072
1155, 0.0010709011694416404
1156, 0.0010452810674905777
1157, 0.0009937809081748128
1158, 0.0009504531626589596
1159, 0.0009118624730035663
1160, 0.0008910546894185245
1161, 0.0008870745077729225
1162, 0.0008958530379459262
1163, 0.0009110906394198537
1164, 0.0009247538400813937
1165, 0.0009358088718727231
1166, 0.0009358879178762436
1167, 0.000932676310185343
1168, 0.0009193718433380127
1169, 0.000906040077097714
1170, 0.0008905276190489531
1171, 0.0008786862017586827
1172, 0.0008708559325896204
1173, 0.0008677642326802015
1174, 0.000868535484187305
1175, 0.0008716385345906019
1176, 0.0008757540490478277
1177, 0.0008789529674686491
1178, 0.0008817259222269058
1179, 0.0008823013631626964
1180, 0.0008829407743178308
1181, 0.000882121326867491
1182, 0.0008822714444249868
1183, 0.0008817914058454335
1184, 0.0008826072444207966
1185, 0.0008827383862808347
1186, 0.0008841727976687253
1187, 0.0008845780394040048
1188, 0.0008866160060279071
1189, 0.0008877062355168164
1190, 0.0008913385099731386
1191, 0.0008942556451074779
1192, 0.0009009824716486037
1193, 0.0009064047480933368
1194, 0.0009171023266389966
1195, 0.0009243582608178258
1196, 0.0009384859004057944
1197, 0.0009451976511627436
1198, 0.0009598173201084137
1199, 0.0009614389855414629
1200, 0.0009701860253699124
1201, 0.0009608535910956562
1202, 0.0009560501202940941
1203, 0.0009335964568890631
1204, 0.0009141790214926004
1205, 0.0008860664092935622
1206, 0.0008629645453765988
1207, 0.000842393608763814
1208, 0.0008291357662528753
1209, 0.0008226140053011477
1210, 0.0008220556192100048
1211, 0.0008256803266704082
1212, 0.0008314254810102284
1213, 0.0008381159277632833
1214, 0.0008435499621555209
1215, 0.0008488253224641085
1216, 0.0008510036859661341
1217, 0.0008533946820534766
1218, 0.0008521293057128787
1219, 0.0008517791284248233
1220, 0.0008480793330818415
1221, 0.0008457759395241737
1222, 0.0008409393485635519
1223, 0.0008376635960303247
1224, 0.0008328180410899222
1225, 0.0008294952567666769
1226, 0.0008254330605268478
1227, 0.0008227786747738719
1228, 0.000819941982626915
1229, 0.0008184400503523648
1230, 0.000817053543869406
1231, 0.0008170700748451054
1232, 0.0008173545356839895
1233, 0.0008193883113563061
1234, 0.0008217966533266008
1235, 0.0008267462253570557
1236, 0.00083213608013466
1237, 0.0008415178745053709
1238, 0.0008511074120178819
1239, 0.0008669707458466291
1240, 0.0008817397756502032
1241, 0.000905874592717737
1242, 0.0009247910929843783
1243, 0.0009566087974235415
1244, 0.0009734085178934038
1245, 0.001007226761430502
1246, 0.0010089199058711529
1247, 0.00103365711402148
1248, 0.00100650021340698
1249, 0.0009993019048124552
1250, 0.000935625284910202
1251, 0.0008757043979130685
1252, 0.0008089884649962187
1253, 0.0007748442585580051
1254, 0.0007793118711560965
1255, 0.000809640041552484
1256, 0.0008461460820399225
1257, 0.0008538620313629508
1258, 0.0008449216256849468
1259, 0.0008188904030248523
1260, 0.0008039965759962797
1261, 0.0007996858330443501
1262, 0.0008020336972549558
1263, 0.000795205996837467
1264, 0.0007797895232215524
1265, 0.0007624720456078649
1266, 0.000756974215619266
1267, 0.00076308473944664
1268, 0.0007715007523074746
1269, 0.0007739354623481631
1270, 0.0007695635431446135
1271, 0.0007664814474992454
1272, 0.0007685974705964327
1273, 0.0007751352968625724
1274, 0.0007788599468767643
1275, 0.0007798596052452922
1276, 0.0007764988113194704
1277, 0.0007764364127069712
1278, 0.0007788762450218201
1279, 0.0007849857211112976
1280, 0.0007884632796049118
1281, 0.0007926304824650288
1282, 0.0007943342789076269
1283, 0.0008012878242880106
1284, 0.0008082620333880186
1285, 0.0008212191751226783
1286, 0.0008275932050310075
1287, 0.0008388579008169472
1288, 0.0008403747924603522
1289, 0.0008475647191517055
1290, 0.0008431804599240422
1291, 0.0008409985457547009
1292, 0.0008249456877820194
1293, 0.000809222983662039
1294, 0.000786003889515996
1295, 0.0007668060716241598
1296, 0.0007488666451536119
1297, 0.000736350892111659
1298, 0.0007276657270267606
1299, 0.0007232930511236191
1300, 0.0007228386821225286
1301, 0.0007256999961100519
1302, 0.0007308081840164959
1303, 0.000736054964363575
1304, 0.000741246563848108
1305, 0.0007438553147949278
1306, 0.000746466510463506
1307, 0.0007467271061614156
1308, 0.0007479817722924054
1309, 0.0007473528385162354
1310, 0.0007476310129277408
1311, 0.0007458250620402396
1312, 0.0007450114353559911
1313, 0.0007426762022078037
1314, 0.0007419808534905314
1315, 0.0007400898612104356
1316, 0.0007400998147204518
1317, 0.0007387023069895804
1318, 0.0007392229163087904
1319, 0.0007383786141872406
1320, 0.0007398624438792467
1321, 0.0007402902119792998
1322, 0.0007434471044689417
1323, 0.0007454686565324664
1324, 0.0007507933769375086
1325, 0.0007545816479250789
1326, 0.0007627651793882251
1327, 0.000768500380218029
1328, 0.000780160422436893
1329, 0.0007870988338254392
1330, 0.0008012854959815741
1331, 0.0008063799468800426
1332, 0.0008188775973394513
1333, 0.0008166316547431052
1334, 0.0008200053125619888
1335, 0.0008053645142354071
1336, 0.0007939527276903391
1337, 0.0007686593453399837
1338, 0.0007467070245184004
1339, 0.000721554271876812
1340, 0.0007023554644547403
1341, 0.0006883462192490697
1342, 0.0006811967468820512
1343, 0.0006799137918278575
1344, 0.000682957237586379
1345, 0.0006886331830173731
1346, 0.0006949606467969716
1347, 0.0007016502786427736
1348, 0.0007062311051413417
1349, 0.000710788881406188
1350, 0.000711857748683542
1351, 0.0007134024053812027
1352, 0.0007113746833056211
1353, 0.0007104181568138301
1354, 0.0007066779653541744
1355, 0.000704338017385453
1356, 0.0007001803023740649
1357, 0.0006974275456741452
1358, 0.0006935648852959275
1359, 0.0006909484509378672
1360, 0.0006876562838442624
1361, 0.0006854704115539789
1362, 0.0006829024059697986
1363, 0.0006814128719270229
1364, 0.0006797721143811941
1365, 0.0006793105276301503
1366, 0.0006788562750443816
1367, 0.0006798584363423288
1368, 0.0006809986080043018
1369, 0.0006842183065600693
1370, 0.0006877562846057117
1371, 0.0006946721696294844
1372, 0.0007021490018814802
1373, 0.0007155093480832875
1374, 0.0007293459493666887
1375, 0.0007533754105679691
1376, 0.0007757242419756949
1377, 0.0008139907149598002
1378, 0.0008413831237703562
1379, 0.0008875538478605449
1380, 0.0008999202400445938
1381, 0.0009231942822225392
1382, 0.0008873942424543202
1383, 0.0008522926946170628
1384, 0.0007762343157082796
1385, 0.0007164445123635232
1386, 0.0006708256551064551
1387, 0.000657414726447314
1388, 0.0006679032812826335
1389, 0.0006867561023682356
1390, 0.0007029206608422101
1391, 0.000703337718732655
1392, 0.0006957763689570129
1393, 0.0006802387651987374
1394, 0.000670641427859664
1395, 0.0006644888781011105
1396, 0.0006640820647589862
1397, 0.0006622187793254852
1398, 0.0006557192537002265
1399, 0.0006473766989074647
1400, 0.0006402416038326919
1401, 0.0006385947344824672
1402, 0.0006419439450837672
1403, 0.0006482988246716559
1404, 0.0006511630490422249
1405, 0.000649505527690053
1406, 0.0006415646057575941
1407, 0.0006323871784843504
1408, 0.0006252718740142882
1409, 0.0006227959529496729
1410, 0.0006240853690542281
1411, 0.0006266257842071354
1412, 0.0006277352222241461
1413, 0.0006262867245823145
1414, 0.0006229482241906226
1415, 0.0006193680455908179
1416, 0.0006172487046569586
1417, 0.0006170615088194609
1418, 0.0006182945217005908
1419, 0.0006197360926307738
1420, 0.0006206572870723903
1421, 0.0006204771343618631
1422, 0.0006200834759511054
1423, 0.0006199624040164053
1424, 0.0006214071181602776
1425, 0.0006245052209123969
1426, 0.0006304388516582549
1427, 0.0006381069542840123
1428, 0.0006508429651148617
1429, 0.0006658143829554319
1430, 0.0006921431631781161
1431, 0.0007221985142678022
1432, 0.0007762882160022855
1433, 0.0008300330373458564
1434, 0.0009236254845745862
1435, 0.0009824010776355863
1436, 0.001073831575922668
1437, 0.0010449046967551112
1438, 0.0010037720203399658
1439, 0.000842804613057524
1440, 0.0007108210702426732
1441, 0.0006296644569374621
1442, 0.0006354707875289023
1443, 0.0006877788109704852
1444, 0.0007198040839284658
1445, 0.0007187548326328397
1446, 0.0006840152200311422
1447, 0.0006690625450573862
1448, 0.0006655969191342592
1449, 0.0006590961711481214
1450, 0.0006375527591444552
1451, 0.000611629628110677
1452, 0.0006106133805587888
1453, 0.0006327666342258453
1454, 0.0006552375853061676
1455, 0.0006418845150619745
1456, 0.0006058205617591739
1457, 0.000588172348216176
1458, 0.00059697893448174
1459, 0.0006120759644545615
1460, 0.0006111754919402301
1461, 0.0005979409907013178
1462, 0.0005890003521926701
1463, 0.0005925607401877642
1464, 0.0005987923941574991
1465, 0.0005967349279671907
1466, 0.0005864588893018663
1467, 0.0005787212867289782
1468, 0.0005799114005640149
1469, 0.0005852461326867342
1470, 0.0005871488247066736
1471, 0.0005830812733620405
1472, 0.0005784946260973811
1473, 0.000577426515519619
1474, 0.0005792276933789253
1475, 0.0005789849092252553
1476, 0.0005759861669503152
1477, 0.000572072109207511
1478, 0.0005698802415281534
1479, 0.0005703719798475504
1480, 0.0005710294935852289
1481, 0.0005703310016542673
1482, 0.0005681216716766357
1483, 0.00056634028442204
1484, 0.0005662140320055187
1485, 0.0005666997749358416
1486, 0.0005666511133313179
1487, 0.0005655999411828816
1488, 0.0005639559822157025
1489, 0.000563118897844106
1490, 0.0005629546940326691
1491, 0.0005630901432596147
1492, 0.0005625506746582687
1493, 0.000561566324904561
1494, 0.0005607558414340019
1495, 0.0005604905891232193
1496, 0.0005608597421087325
1497, 0.0005615030531771481
1498, 0.0005620431620627642
1499, 0.0005630918894894421
1500, 0.0005647831712849438
1501, 0.0005683027557097375
1502, 0.0005732369609177113
1503, 0.0005815611802972853
1504, 0.0005922161508351564
1505, 0.0006105488282628357
1506, 0.0006332994671538472
1507, 0.0006736470386385918
1508, 0.0007180186803452671
1509, 0.0007963726529851556
1510, 0.0008606871124356985
1511, 0.0009710078011266887
1512, 0.00099757662974298
1513, 0.001042629824951291
1514, 0.0009263071115128696
1515, 0.0008054142235778272
1516, 0.0006424759048968554
1517, 0.000557479215785861
1518, 0.0005639684968627989
1519, 0.0006294302875176072
1520, 0.0007005826337262988
1521, 0.0007071737200021744
1522, 0.0006774000939913094
1523, 0.0006046323105692863
1524, 0.0005568370688706636
1525, 0.0005505179287865758
1526, 0.000577590661123395
1527, 0.0006117525626905262
1528, 0.0006183654768392444
1529, 0.0006037847488187253
1530, 0.0005668097292073071
1531, 0.0005406348500400782
1532, 0.0005374749307520688
1533, 0.0005531774368137121
1534, 0.0005724266520701349
1535, 0.0005755117745138705
1536, 0.0005653190892189741
1537, 0.0005459346575662494
1538, 0.0005332293221727014
1539, 0.0005317654577083886
1540, 0.0005377397174015641
1541, 0.000544374983292073
1542, 0.0005457711522467434
1543, 0.0005437784129753709
1544, 0.0005394781474024057
1545, 0.0005357267800718546
1546, 0.0005319086485542357
1547, 0.0005282683996483684
1548, 0.0005251874681562185
1549, 0.0005239283200353384
1550, 0.0005249790265224874
1551, 0.0005273470305837691
1552, 0.0005292610148899257
1553, 0.0005288869142532349
1554, 0.0005266897496767342
1555, 0.0005234506679698825
1556, 0.0005207081558182836
1557, 0.0005188854411244392
1558, 0.0005178260034881532
1559, 0.0005169037031009793
1560, 0.0005159306456334889
1561, 0.0005150634679012001
1562, 0.0005146021721884608
1563, 0.0005146046169102192
1564, 0.0005148222553543746
1565, 0.0005149187054485083
1566, 0.0005145546747371554
1567, 0.0005138846463523805
1568, 0.0005130021600052714
1569, 0.0005122345755808055
1570, 0.0005115781677886844
1571, 0.0005110435886308551
1572, 0.0005104251322336495
1573, 0.0005097507382743061
1574, 0.000508974539116025
1575, 0.0005082802381366491
1576, 0.0005076990928500891
1577, 0.0005073448992334306
1578, 0.0005071272025816143
1579, 0.0005071117193438113
1580, 0.0005071999621577561
1581, 0.0005076193483546376
1582, 0.0005083444993942976
1583, 0.0005098478868603706
1584, 0.0005120974383316934
1585, 0.0005159800639376044
1586, 0.0005213337135501206
1587, 0.000530201243236661
1588, 0.0005418846849352121
1589, 0.0005613811663351953
1590, 0.0005855289055034518
1591, 0.0006261981325224042
1592, 0.0006699601653963327
1593, 0.0007425525109283626
1594, 0.000797340355347842
1595, 0.0008818287751637399
1596, 0.0008865217096172273
1597, 0.0008909862954169512
1598, 0.0007794126868247986
1599, 0.000672853784635663
1600, 0.0005612352979369462
1601, 0.0005163672030903399
1602, 0.0005295700393617153
1603, 0.0005669514066539705
1604, 0.0005984362796880305
1605, 0.00059706304455176
1606, 0.0005891063483431935
1607, 0.0005653228145092726
1608, 0.0005484459106810391
1609, 0.0005266093648970127
1610, 0.0005077309906482697
1611, 0.0005048166494816542
1612, 0.0005183321190997958
1613, 0.0005398985813371837
1614, 0.000541555811651051
1615, 0.000524020753800869
1616, 0.00049724115524441
1617, 0.0004835481522604823
1618, 0.0004880764172412455
1619, 0.0005005169659852982
1620, 0.000507539720274508
1621, 0.0005012531182728708
1622, 0.0004919611965306103
1623, 0.0004879816260654479
1624, 0.0004898122861050069
1625, 0.0004910288844257593
1626, 0.0004875898011960089
1627, 0.00048081643762998283
1628, 0.00047679743147455156
1629, 0.00047771792742423713
1630, 0.0004815914435312152
1631, 0.00048395723570138216
1632, 0.0004825491632800549
1633, 0.00047949535655789077
1634, 0.0004767060454469174
1635, 0.00047611945774406195
1636, 0.00047613136121071875
1637, 0.00047542189713567495
1638, 0.00047313389950431883
1639, 0.00047052159789018333
1640, 0.00046900674351491034
1641, 0.00046877138083800673
1642, 0.0004692054935730994
1643, 0.0004693342198152095
1644, 0.0004683933802880347
1645, 0.00046724951243959367
1646, 0.00046646036207675934
1647, 0.0004663697618525475
1648, 0.000466694327769801
1649, 0.0004666788154281676
1650, 0.0004664127482101321
1651, 0.00046568576362915337
1652, 0.00046527653466910124
1653, 0.0004652829666156322
1654, 0.00046573905274271965
1655, 0.0004663708386942744
1656, 0.00046721906983293593
1657, 0.00046816247049719095
1658, 0.00046997045865282416
1659, 0.0004726243787445128
1660, 0.0004773016844410449
1661, 0.00048352612066082656
1662, 0.0004936333862133324
1663, 0.0005062426207587123
1664, 0.000527223339304328
1665, 0.0005518536199815571
1666, 0.0005937020760029554
1667, 0.0006355741061270237
1668, 0.0007064988021738827
1669, 0.0007537529454566538
1670, 0.000830493401736021
1671, 0.0008244486525654793
1672, 0.000820618006400764
1673, 0.0007095899782143533
1674, 0.0006035688566043973
1675, 0.0004994355840608478
1676, 0.00045714661246165633
1677, 0.0004748509672936052
1678, 0.0005226448993198574
1679, 0.0005679231835529208
1680, 0.0005715938750654459
1681, 0.0005543300067074597
1682, 0.0005100106936879456
1683, 0.0004777578287757933
1684, 0.00046186294639483094
1685, 0.0004650209448300302
1686, 0.0004795331333298236
1687, 0.0004924176610074937
1688, 0.0005001708050258458
1689, 0.0004907508846372366
1690, 0.0004754126421175897
1691, 0.0004562392132356763
1692, 0.0004454475420061499
1693, 0.00044644478475674987
1694, 0.0004558549262583256
1695, 0.0004664580919779837
1696, 0.00046820525312796235
1697, 0.00046288760495372117
1698, 0.0004517767229117453
1699, 0.00044311105739325285
1700, 0.0004396334115881473
1701, 0.00044096008059568703
1702, 0.0004439493641257286
1703, 0.0004453278670553118
1704, 0.00044487137347459793
1705, 0.0004431545385159552
1706, 0.000442203861894086
1707, 0.0004419290635269135
1708, 0.00044187530875205994
1709, 0.000440617703134194
1710, 0.0004382498736958951
1711, 0.00043512348202057183
1712, 0.0004325889749452472
1713, 0.0004313178069423884
1714, 0.00043126422679051757
1715, 0.00043175197788514197
1716, 0.0004320345469750464
1717, 0.0004318222345318645
1718, 0.0004311920201871544
1719, 0.00043062440818175673
1720, 0.0004303140740375966
1721, 0.00043035915587097406
1722, 0.00043045845814049244
1723, 0.00043049149098806083
1724, 0.0004301700973883271
1725, 0.00042975679389201105
1726, 0.00042927043978124857
1727, 0.0004290734068490565
1728, 0.00042911258060485125
1729, 0.0004295585094951093
1730, 0.00043019093573093414
1731, 0.00043126975651830435
1732, 0.0004325747140683234
1733, 0.00043478261795826256
1734, 0.0004376213764771819
1735, 0.00044240098213776946
1736, 0.0004484316159505397
1737, 0.00045833204057998955
1738, 0.00047015599557198584
1739, 0.0004896283498965204
1740, 0.0005111054633744061
1741, 0.0005467780283652246
1742, 0.000580271182116121
1743, 0.0006351375486701727
1744, 0.0006690456066280603
1745, 0.0007215212099254131
1746, 0.0007139814551919699
1747, 0.0007062633521854877
1748, 0.0006266458658501506
1749, 0.0005520920385606587
1750, 0.00047344749327749014
1751, 0.00043514868593774736
1752, 0.0004340504528954625
1753, 0.0004554972401820123
1754, 0.00048028078163042665
1755, 0.0004884612862952054
1756, 0.00048706738743931055
1757, 0.0004730831424240023
1758, 0.0004658312536776066
1759, 0.0004548135621007532
1760, 0.0004438286123331636
1761, 0.0004310916119720787
1762, 0.0004214338550809771
1763, 0.00042067666072398424
1764, 0.0004281197616364807
1765, 0.0004399778554216027
1766, 0.00044366097426973283
1767, 0.0004385460924822837
1768, 0.0004243787843734026
1769, 0.0004117946373298764
1770, 0.0004063057713210583
1771, 0.00040862371679395437
1772, 0.0004142745165154338
1773, 0.000417510251281783
1774, 0.00041648585465736687
1775, 0.0004123274120502174
1776, 0.00040918419836089015
1777, 0.0004085965047124773
1778, 0.0004101231461390853
1779, 0.00041121538379229605
1780, 0.0004104978288523853
1781, 0.00040736651862971485
1782, 0.00040375979733653367
1783, 0.00040099170291796327
1784, 0.0003999877953901887
1785, 0.00040009780786931515
1786, 0.00040039565647020936
1787, 0.000400018529035151
1788, 0.00039892824133858085
1789, 0.000397665542550385
1790, 0.00039674562867730856
1791, 0.0003965036594308913
1792, 0.00039663573261350393
1793, 0.0003969005774706602
1794, 0.0003969012468587607
1795, 0.0003966875374317169
1796, 0.0003963371564168483
1797, 0.0003962253103964031
1798, 0.0003964620700571686
1799, 0.00039720608037896454
1800, 0.0003983984934166074
1801, 0.0004002856439910829
1802, 0.00040280280518345535
1803, 0.00040685603744350374
1804, 0.0004123368998989463
1805, 0.000421534146880731
1806, 0.0004335426492616534
1807, 0.0004540383815765381
1808, 0.00047882727812975645
1809, 0.0005219399463385344
1810, 0.0005670704413205385
1811, 0.0006458543939515948
1812, 0.0007037706091068685
1813, 0.0008007418364286423
1814, 0.0008074663928709924
1815, 0.0008200588054023683
1816, 0.0006962994812056422
1817, 0.0005733119323849678
1818, 0.0004450259730219841
1819, 0.0003939864400308579
1820, 0.00041919067734852433
1821, 0.00047861566417850554
1822, 0.0005273768911138177
1823, 0.0005179676809348166
1824, 0.00048448159941472113
1825, 0.00043626377009786665
1826, 0.0004165653954260051
1827, 0.00041996216168627143
1828, 0.000428863539127633
1829, 0.00043275661300867796
1830, 0.00042510699131526053
1831, 0.0004187756567262113
1832, 0.0004141293466091156
1833, 0.0004142689285799861
1834, 0.0004093036986887455
1835, 0.000398521835450083
1836, 0.0003907601349055767
1837, 0.00039019048563204706
1838, 0.00039682822534814477
1839, 0.0004020298656541854
1840, 0.0004015077429357916
1841, 0.00039216343429870903
1842, 0.00038123404374346137
1843, 0.0003764100547414273
1844, 0.0003787267778534442
1845, 0.0003849276399705559
1846, 0.00038830513949505985
1847, 0.000386982224881649
1848, 0.00038156757364049554
1849, 0.00037639032234437764
1850, 0.0003742839035112411
1851, 0.0003747949085664004
1852, 0.0003763380227610469
1853, 0.00037672012695111334
1854, 0.0003750922915060073
1855, 0.00037288194289430976
1856, 0.0003712743055075407
1857, 0.0003711687750183046
1858, 0.00037198339123278856
1859, 0.00037261744728311896
1860, 0.00037244701525196433
1861, 0.0003709282318595797
1862, 0.00036915583768859506
1863, 0.00036765795084647834
1864, 0.0003669412399176508
1865, 0.0003668780846055597
1866, 0.00036695500602945685
1867, 0.000366662279702723
1868, 0.00036590645322576165
1869, 0.00036496322718448937
1870, 0.00036412139888852835
1871, 0.0003636593755800277
1872, 0.00036353757604956627
1873, 0.0003635665343608707
1874, 0.0003634559689089656
1875, 0.00036310998257249594
1876, 0.0003625888202805072
1877, 0.0003620056086219847
1878, 0.00036155511043034494
1879, 0.000361323676770553
1880, 0.00036126558552496135
1881, 0.0003613526641856879
1882, 0.0003614679735619575
1883, 0.0003616766771301627
1884, 0.0003619740018621087
1885, 0.0003626322722993791
1886, 0.0003637099580373615
1887, 0.00036569489748217165
1888, 0.0003686324635054916
1889, 0.0003735684440471232
1890, 0.0003804026637226343
1891, 0.00039188863593153656
1892, 0.0004071487346664071
1893, 0.0004335329867899418
1894, 0.0004661677812691778
1895, 0.0005239616730250418
1896, 0.0005841313977725804
1897, 0.0006901189917698503
1898, 0.0007584235863760114
1899, 0.0008703612838871777
1900, 0.0008388675632886589
1901, 0.0007998663932085037
1902, 0.0006145791849121451
1903, 0.00046431698137894273
1904, 0.00037757723475806415
1905, 0.0003930326784029603
1906, 0.00046495781862176955
1907, 0.0005093847867101431
1908, 0.0005096598761156201
1909, 0.00045360051444731653
1910, 0.00041420944035053253
1911, 0.000403990299673751
1912, 0.00041386406519450247
1913, 0.00042005733121186495
1914, 0.0004041191714350134
1915, 0.0003871977096423507
1916, 0.00038384986692108214
1917, 0.00039791822200641036
1918, 0.0004009571566712111
1919, 0.0003815103555098176
1920, 0.0003607111284509301
1921, 0.00035672710509970784
1922, 0.00036983430618420243
1923, 0.0003812412032857537
1924, 0.0003779377439059317
1925, 0.0003597004688344896
1926, 0.00034678488736972213
1927, 0.00034935667645186186
1928, 0.00035964962444268167
1929, 0.000365154497558251
1930, 0.0003588389663491398
1931, 0.0003501926548779011
1932, 0.00034637408680282533
1933, 0.0003482293104752898
1934, 0.00035099705564789474
1935, 0.0003497412835713476
1936, 0.0003464809851720929
1937, 0.0003444128669798374
1938, 0.00034356926335021853
1939, 0.00034467398654669523
1940, 0.0003451851080171764
1941, 0.00034529808908700943
1942, 0.00034334551310166717
1943, 0.0003406483447179198
1944, 0.00033964109024964273
1945, 0.00033892912324517965
1946, 0.00034021399915218353
1947, 0.00034098158357664943
1948, 0.0003396067477297038
1949, 0.0003378690453246236
1950, 0.00033636740408837795
1951, 0.00033731345320120454
1952, 0.0003380807756911963
1953, 0.00033752660965546966
1954, 0.0003367414465174079
1955, 0.0003347767924424261
1956, 0.00033451864146627486
1957, 0.0003351343038957566
1958, 0.00033479477860964835
1959, 0.00033448843169026077
1960, 0.00033303460804745555
1961, 0.00033255264861509204
1962, 0.0003324377175886184
1963, 0.0003317940281704068
1964, 0.000331957038724795
1965, 0.0003309735329821706
1966, 0.00033073456143029034
1967, 0.0003306507715024054
1968, 0.00033000396797433496
1969, 0.0003298185474704951
1970, 0.0003289637388661504
1971, 0.0003286537539679557
1972, 0.00032856588950380683
1973, 0.0003282054094597697
1974, 0.0003280996170360595
1975, 0.0003274535993114114
1976, 0.0003270017623435706
1977, 0.0003267406136728823
1978, 0.0003265267005190253
1979, 0.00032654518145136535
1980, 0.0003264944243710488
1981, 0.00032646555337123573
1982, 0.0003266398562118411
1983, 0.0003270949237048626
1984, 0.00032811379060149193
1985, 0.0003298944793641567
1986, 0.0003329386527184397
1987, 0.00033757093478925526
1988, 0.0003457130223978311
1989, 0.00035764987114816904
1990, 0.00037929503014311194
1991, 0.0004093856259714812
1992, 0.00046515619033016264
1993, 0.0005336528993211687
1994, 0.000662022503092885
1995, 0.0007738547865301371
1996, 0.0009753056219778955
1997, 0.0009996688459068537
1998, 0.0010374545818194747
1999, 0.0007692768704146147
2000, 0.0005205305060371757
2001, 0.0003478694998193532
2002, 0.0003706393763422966
2003, 0.0005070155020803213
2004, 0.0005787632544524968
2005, 0.0005645288620144129
2006, 0.0004441718047019094
2007, 0.00037154456367716193
2008, 0.0003851516521535814
2009, 0.00043110630940645933
2010, 0.0004471655411180109
2011, 0.0004027913382742554
2012, 0.00036472262581810355
2013, 0.00036604530760087073
2014, 0.0003896052367053926
2015, 0.00039178584120236337
2016, 0.0003603044315241277
2017, 0.00034182818490080535
2018, 0.0003541528421919793
2019, 0.0003675424086395651
2020, 0.0003547260712366551
2021, 0.0003366923483554274
2022, 0.0003357765672262758
2023, 0.000340170634444803
2024, 0.0003428110503591597
2025, 0.00033915616222657263
2026, 0.0003299387462902814
2027, 0.0003239414654672146
2028, 0.00032265024492517114
2029, 0.0003303884295746684
2030, 0.0003339039394631982
2031, 0.0003251583257224411
2032, 0.0003137923195026815
2033, 0.000312843534629792
2034, 0.00032019440550357103
2035, 0.00032421801006421447
2036, 0.0003187427355442196
2037, 0.00031280977418646216
2038, 0.0003118480963166803
2039, 0.0003128542157355696
2040, 0.00031389694777317345
2041, 0.00031322278664447367
2042, 0.00031175956246443093
2043, 0.0003095129504799843
2044, 0.00030875869560986757
2045, 0.00030943501042202115
2046, 0.00031041132751852274
2047, 0.00030907479231245816
2048, 0.00030662878998555243
2049, 0.00030515214893966913
2050, 0.00030599936144426465
2051, 0.00030690772109664977
2052, 0.00030659083859063685
2053, 0.00030521530425176024
2054, 0.000304291897919029
2055, 0.00030378904193639755
2056, 0.0003036323469132185
2057, 0.0003034005349036306
2058, 0.00030324686667881906
2059, 0.00030274721211753786
2060, 0.0003020704898517579
2061, 0.00030149839585646987
2062, 0.00030139205045998096
2063, 0.00030141722527332604
2064, 0.00030122394673526287
2065, 0.00030058855190873146
2066, 0.0002999440475832671
2067, 0.00029953455668874085
2068, 0.00029935952625237405
2069, 0.0002991435758303851
2070, 0.00029884293326176703
2071, 0.0002984902821481228
2072, 0.00029814138542860746
2073, 0.00029776120209135115
2074, 0.0002974358794745058
2075, 0.0002971797657664865
2076, 0.000296969898045063
2077, 0.0002967086620628834
2078, 0.00029637126135639846
2079, 0.0002959914563689381
2080, 0.0002956445678137243
2081, 0.0002953636576421559
2082, 0.0002951126080006361
2083, 0.0002948321052826941
2084, 0.00029452310991473496
2085, 0.0002942077408079058
2086, 0.0002938971156254411
2087, 0.00029358966276049614
2088, 0.00029328855453059077
2089, 0.00029300490859895945
2090, 0.00029273112886585295
2091, 0.00029245519544929266
2092, 0.0002921648556366563
2093, 0.0002918629616033286
2094, 0.000291560310870409
2095, 0.00029127357993274927
2096, 0.0002909984323196113
2097, 0.0002907287562265992
2098, 0.00029045515111647546
2099, 0.00029018273926340044
2100, 0.0002899145765695721
2101, 0.000289654970401898
2102, 0.0002894071221817285
2103, 0.00028918031603097916
2104, 0.00028898686286993325
2105, 0.00028884256607852876
2106, 0.00028877577278763056
2107, 0.0002888195449486375
2108, 0.0002890531613957137
2109, 0.0002895684156101197
2110, 0.000290599069558084
2111, 0.0002923704159911722
2112, 0.00029557693051174283
2113, 0.0003007265040650964
2114, 0.00031001560273580253
2115, 0.00032433064188808203
2116, 0.0003508375957608223
2117, 0.00038903419044800103
2118, 0.0004621619009412825
2119, 0.000552337383851409
2120, 0.0007273866212926805
2121, 0.0008665166096761823
2122, 0.0011187514755874872
2123, 0.0010812857653945684
2124, 0.0010241562267765403
2125, 0.0006386385066434741
2126, 0.00036080804420635104
2127, 0.0003101334150414914
2128, 0.00046216597547754645
2129, 0.0006296351202763617
2130, 0.000579127692617476
2131, 0.00044529823935590684
2132, 0.0003312374174129218
2133, 0.0003613840672187507
2134, 0.0004565893905237317
2135, 0.00044832596904598176
2136, 0.0003664263931568712
2137, 0.0003084693744312972
2138, 0.0003424440510571003
2139, 0.00039832998299971223
2140, 0.00037975888699293137
2141, 0.00032076891511678696
2142, 0.00029387904214672744
2143, 0.00032349390676245093
2144, 0.00035047720302827656
2145, 0.00033467268804088235
2146, 0.00030557007994502783
2147, 0.00029162337887100875
2148, 0.00030046526808291674
2149, 0.00031476348522119224
2150, 0.0003157792962156236
2151, 0.0003009666397701949
2152, 0.00028213212499395013
2153, 0.00028564047534018755
2154, 0.00030136274290271103
2155, 0.00030142965260893106
2156, 0.00028883825871162117
2157, 0.0002790658036246896
2158, 0.00028178453794680536
2159, 0.0002891464391723275
2160, 0.00028921314515173435
2161, 0.0002843808615580201
2162, 0.0002794535248540342
2163, 0.0002776383189484477
2164, 0.00027917593251913786
2165, 0.0002821342786774039
2166, 0.0002823215036187321
2167, 0.0002779210335575044
2168, 0.0002738555194810033
2169, 0.00027465715538710356
2170, 0.0002776429464574903
2171, 0.00027773636975325644
2172, 0.0002752744185272604
2173, 0.00027318045613355935
2174, 0.0002726835082285106
2175, 0.0002729901170823723
2176, 0.00027340115047991276
2177, 0.00027334215701557696
2178, 0.0002725977683439851
2179, 0.00027118425350636244
2180, 0.0002702305791899562
2181, 0.0002703274949453771
2182, 0.000270945398369804
2183, 0.00027094397228211164
2184, 0.0002699462347663939
2185, 0.00026897809584625065
2186, 0.000268645235337317
2187, 0.00026860838988795877
2188, 0.00026852518203668296
2189, 0.00026832742150872946
2190, 0.0002680608013179153
2191, 0.00026757799787446856
2192, 0.00026699216687120497
2193, 0.000266612769337371
2194, 0.00026652964879758656
2195, 0.0002664931525941938
2196, 0.0002662682964000851
2197, 0.0002658435550983995
2198, 0.0002654162235558033
2199, 0.00026511013857088983
2200, 0.00026487160357646644
2201, 0.0002646370558068156
2202, 0.00026442145463079214
2203, 0.00026422186056151986
2204, 0.0002639673475641757
2205, 0.00026362674543634057
2206, 0.00026328241801820695
2207, 0.00026301288744434714
2208, 0.00026280092424713075
2209, 0.00026259254082106054
2210, 0.00026235502446070313
2211, 0.00026209827046841383
2212, 0.00026183310546912253
2213, 0.0002615662815514952
2214, 0.0002612915704958141
2215, 0.0002610231749713421
2216, 0.0002607760834507644
2217, 0.00026055405032821
2218, 0.0002603276225272566
2219, 0.0002600835869088769
2220, 0.000259826541878283
2221, 0.0002595713594928384
2222, 0.0002593196404632181
2223, 0.0002590689400676638
2224, 0.0002588190254755318
2225, 0.0002585754555184394
2226, 0.00025833919062279165
2227, 0.0002581056614872068
2228, 0.00025786933838389814
2229, 0.00025762722361832857
2230, 0.0002573826059233397
2231, 0.0002571404038462788
2232, 0.00025690149050205946
2233, 0.00025666365399956703
2234, 0.00025642834953032434
2235, 0.00025619962252676487
2236, 0.00025597898638807237
2237, 0.00025576885673217475
2238, 0.0002555710088927299
2239, 0.0002553918748162687
2240, 0.0002552444930188358
2241, 0.0002551449288148433
2242, 0.0002551277575548738
2243, 0.0002552290679886937
2244, 0.0002555437677074224
2245, 0.00025616108905524015
2246, 0.000257364590652287
2247, 0.00025934644509106874
2248, 0.0002629716182127595
2249, 0.0002685521903913468
2250, 0.00027883669827133417
2251, 0.0002935789816547185
2252, 0.0003214239841327071
2253, 0.0003566282684914768
2254, 0.0004244318406563252
2255, 0.0004908324917778373
2256, 0.0006192487198859453
2257, 0.0006885568727739155
2258, 0.0008314294391311705
2259, 0.0008015503408387303
2260, 0.0008016253705136478
2261, 0.0006303228437900543
2262, 0.00048698950558900833
2263, 0.0003647651756182313
2264, 0.0003322744450997561
2265, 0.00036867300514131784
2266, 0.00042170932283625007
2267, 0.0004608085728250444
2268, 0.00040449213702231646
2269, 0.00032090157037600875
2270, 0.0002704000798985362
2271, 0.00029630857170559466
2272, 0.00035882447264157236
2273, 0.00036906159948557615
2274, 0.0003222337691113353
2275, 0.0002679396711755544
2276, 0.0002646731154527515
2277, 0.0002921955310739577
2278, 0.0003082422190345824
2279, 0.00030462018912658095
2280, 0.0002862674882635474
2281, 0.00026870507281273603
2282, 0.00025911329430527985
2283, 0.0002673707203939557
2284, 0.000278962921584025
2285, 0.0002741119242273271
2286, 0.0002635324199218303
2287, 0.00025915674632415175
2288, 0.00026265563792549074
2289, 0.0002634733682498336
2290, 0.00025485834339633584
2291, 0.00024968053912743926
2292, 0.00025247890152968466
2293, 0.0002567339688539505
2294, 0.0002568234340287745
2295, 0.00025416017160750926
2296, 0.0002505835145711899
2297, 0.000246517825871706
2298, 0.00024451507488265634
2299, 0.00024660900817252696
2300, 0.0002498323156032711
2301, 0.00024939479772001505
2302, 0.00024643228971399367
2303, 0.0002443903940729797
2304, 0.00024441222194582224
2305, 0.0002448637969791889
2306, 0.00024425191804766655
2307, 0.0002430151798762381
2308, 0.0002421667450107634
2309, 0.00024179596221074462
2310, 0.00024164437490981072
2311, 0.00024185815709643066
2312, 0.00024229078553617
2313, 0.00024220976047217846
2314, 0.00024106347700580955
2315, 0.00023983947176020592
2316, 0.00023938441881909966
2317, 0.00023943877022247761
2318, 0.000239370230701752
2319, 0.00023900943051557988
2320, 0.0002386417327215895
2321, 0.0002383851824561134
2322, 0.0002381390513619408
2323, 0.0002379177021794021
2324, 0.0002377983182668686
2325, 0.00023774091096129268
2326, 0.00023755477741360664
2327, 0.00023714386043138802
2328, 0.00023664727632422
2329, 0.00023630732903257012
2330, 0.00023611332289874554
2331, 0.00023594139202032238
2332, 0.00023569555196445435
2333, 0.00023543342831544578
2334, 0.00023518445959780365
2335, 0.00023493047046940774
2336, 0.0002346574328839779
2337, 0.00023441767552867532
2338, 0.00023423408856615424
2339, 0.00023408459674101323
2340, 0.0002339118072995916
2341, 0.0002336947072762996
2342, 0.00023345778754446656
2343, 0.00023323833011090755
2344, 0.0002330449060536921
2345, 0.00023285910720005631
2346, 0.00023267604410648346
2347, 0.0002325072418898344
2348, 0.00023235553817357868
2349, 0.00023221111041493714
2350, 0.00023206825426314026
2351, 0.00023194722598418593
2352, 0.0002318674960406497
2353, 0.0002318601473234594
2354, 0.00023193300876300782
2355, 0.00023213520762510598
2356, 0.0002324893866898492
2357, 0.000233132261200808
2358, 0.00023411170695908368
2359, 0.0002357580524403602
2360, 0.00023813170264475048
2361, 0.00024211916024796665
2362, 0.0002476809313520789
2363, 0.00025724369334056973
2364, 0.00026993794017471373
2365, 0.0002925119479186833
2366, 0.0003198237100150436
2367, 0.0003701633249875158
2368, 0.00042052450589835644
2369, 0.0005153552046976984
2370, 0.0005752263823524117
2371, 0.000688565312884748
2372, 0.0006777614471502602
2373, 0.000681697390973568
2374, 0.0005335177411325276
2375, 0.0003963210037909448
2376, 0.00027664477238431573
2377, 0.0002461023977957666
2378, 0.0002940818085335195
2379, 0.0003582286590244621
2380, 0.0004041549109388143
2381, 0.00037076196167618036
2382, 0.0003102857153862715
2383, 0.00024932005908340216
2384, 0.00023470752057619393
2385, 0.000264938164036721
2386, 0.000301700783893466
2387, 0.00031798906275071204
2388, 0.00029069933225400746
2389, 0.00025333656230941415
2390, 0.00023118735407479107
2391, 0.0002355439937673509
2392, 0.00025292555801570415
2393, 0.0002653115661814809
2394, 0.0002690829278435558
2395, 0.00025700603146106005
2396, 0.00024032196961343288
2397, 0.00022667263692710549
2398, 0.0002259368629893288
2399, 0.00023515947395935655
2400, 0.00024403675342909992
2401, 0.00024679003399796784
2402, 0.00024048288469202816
2403, 0.00023288553347811103
2404, 0.00022682599956169724
2405, 0.0002239207533420995
2406, 0.00022416691354010254
2407, 0.00022702068963553756
2408, 0.00023088867601472884
2409, 0.00023240699374582618
2410, 0.0002307291142642498
2411, 0.00022683831048198044
2412, 0.0002233676059404388
2413, 0.00022145098773762584
2414, 0.00022098261979408562
2415, 0.0002212763502029702
2416, 0.0002221480681328103
2417, 0.00022324378369376063
2418, 0.00022377006825990975
2419, 0.00022353726672008634
2420, 0.0002222753391833976
2421, 0.00022076784807723016
2422, 0.00021952194219920784
2423, 0.0002187927602790296
2424, 0.0002184046315960586
2425, 0.00021819345420226455
2426, 0.0002182015887228772
2427, 0.0002184040640713647
2428, 0.0002186063939006999
2429, 0.000218581611989066
2430, 0.00021833222126588225
2431, 0.00021790360915474594
2432, 0.00021747649589087814
2433, 0.00021706873667426407
2434, 0.00021667727560270578
2435, 0.000216271000681445
2436, 0.00021590925462078303
2437, 0.00021562969777733088
2438, 0.00021544136689044535
2439, 0.00021528023353312165
2440, 0.00021509669022634625
2441, 0.0002148972562281415
2442, 0.00021470301726367325
2443, 0.0002145286853192374
2444, 0.00021435094822663814
2445, 0.00021416069648694247
2446, 0.0002139505377272144
2447, 0.0002137428236892447
2448, 0.00021354864293243736
2449, 0.00021337893849704415
2450, 0.0002132174267899245
2451, 0.00021306294365786016
2452, 0.00021291847224347293
2453, 0.00021280342480167747
2454, 0.00021272471349220723
2455, 0.0002126942272298038
2456, 0.00021271254809107631
2457, 0.00021281049703247845
2458, 0.00021300891239661723
2459, 0.00021338225633371621
2460, 0.00021396832016762346
2461, 0.00021493190433830023
2462, 0.00021633454889524728
2463, 0.00021857794490642846
2464, 0.00022177069331519306
2465, 0.00022690955665893853
2466, 0.0002340672363061458
2467, 0.00024574820417910814
2468, 0.00026136820088140666
2469, 0.0002872497425414622
2470, 0.0003188570844940841
2471, 0.0003711730823852122
2472, 0.00042290508281439543
2473, 0.0005046665319241583
2474, 0.0005484678549692035
2475, 0.0006092992844060063
2476, 0.0005704905488528311
2477, 0.0005411459133028984
2478, 0.0004491208528634161
2479, 0.0004336709389463067
2480, 0.00042914936784654856
2481, 0.0003941252070944756
2482, 0.0003270729212090373
2483, 0.00025266860029660165
2484, 0.0002538624976295978
2485, 0.00031787989428266883
2486, 0.0003845263854600489
2487, 0.00034176360350102186
2488, 0.00024305860279127955
2489, 0.00023106658773031086
2490, 0.00028173657483421266
2491, 0.00030233219149522483
2492, 0.0002665230422280729
2493, 0.00023380393395200372
2494, 0.0002502372080925852
2495, 0.00027389181195758283
2496, 0.0002638758160173893
2497, 0.00022642228577751666
2498, 0.0002196997229475528
2499, 0.00024287140695378184
2500, 0.00025354698300361633
2501, 0.0002342789084650576
2502, 0.00021690457651857287
2503, 0.00022659145179204643
2504, 0.00023807738034520298
2505, 0.00023497242364101112
2506, 0.00021378669771365821
2507, 0.00021171577100176364
2508, 0.0002216215361841023
2509, 0.00022591161541640759
2510, 0.00021651283896062523
2511, 0.00020687085634563118
2512, 0.00021403955179266632
2513, 0.00022026387159712613
2514, 0.0002169121871702373
2515, 0.00020759855397045612
2516, 0.00020646779739763588
2517, 0.0002126027102349326
2518, 0.00021403886785265058
2519, 0.00020845142717007548
2520, 0.0002027282607741654
2521, 0.00020535329531412572
2522, 0.00020918386871926486
2523, 0.0002083297003991902
2524, 0.00020287890220060945
2525, 0.00020169666095171124
2526, 0.0002048609749181196
2527, 0.00020630624203477055
2528, 0.00020409365242812783
2529, 0.00020059153030160815
2530, 0.00020174725796096027
2531, 0.00020361578208394349
2532, 0.00020371175196487457
2533, 0.00020113530626986176
2534, 0.00019985756080131978
2535, 0.00020095195213798434
2536, 0.0002019385719904676
2537, 0.00020140426931902766
2538, 0.00019980219076387584
2539, 0.00019965543469879776
2540, 0.00020033842884004116
2541, 0.0002011505130212754
2542, 0.00020079307432752103
2543, 0.00020048436999786645
2544, 0.000201021961402148
2545, 0.000202380761038512
2546, 0.00020420753571670502
2547, 0.0002059331745840609
2548, 0.00020888217841275036
2549, 0.00021322302927728742
2550, 0.00022078186157159507
2551, 0.00023047033755574375
2552, 0.0002465733850840479
2553, 0.00026625499594956636
2554, 0.00030070330831222236
2555, 0.00033907347824424505
2556, 0.0004060101055074483
2557, 0.0004626135341823101
2558, 0.0005580938886851072
2559, 0.0005867371219210327
2560, 0.0006338101229630411
2561, 0.0005423316033557057
2562, 0.0004427269450388849
2563, 0.00029559669201262295
2564, 0.00021055893739685416
2565, 0.00020664706244133413
2566, 0.0002630005474202335
2567, 0.00033233960857614875
2568, 0.00034639312070794404
2569, 0.0003208738926332444
2570, 0.0002527715405449271
2571, 0.00020550162298604846
2572, 0.0002000900567509234
2573, 0.00022883943165652454
2574, 0.00026426566182635725
2575, 0.00027130782837048173
2576, 0.00025529327103868127
2577, 0.00022089245612733066
2578, 0.00019798873108811677
2579, 0.00019634350610431284
2580, 0.00021069256763439626
2581, 0.0002274286380270496
2582, 0.00023162447905633599
2583, 0.00022504602384287864
2584, 0.00021005392773076892
2585, 0.00019782426534220576
2586, 0.0001929622667375952
2587, 0.00019590090960264206
2588, 0.00020291766850277781
2589, 0.00020848923304583877
2590, 0.00021017891413066536
2591, 0.00020623045566026121
2592, 0.00019990008149761707
2593, 0.00019374987459741533
2594, 0.00019059513579122722
2595, 0.00019092531874775887
2596, 0.00019348005298525095
2597, 0.00019638746744021773
2598, 0.0001979419612325728
2599, 0.00019787836936302483
2600, 0.00019610676099546254
2601, 0.00019372638780623674
2602, 0.0001912626321427524
2603, 0.00018947354692500085
2604, 0.00018863234436139464
2605, 0.00018877456022892147
2606, 0.0001895870518637821
2607, 0.0001905308017740026
2608, 0.00019120174692943692
2609, 0.00019128347048535943
2610, 0.00019092096772510558
2611, 0.0001901522628031671
2612, 0.00018927048949990422
2613, 0.00018836547678802162
2614, 0.00018757737416308373
2615, 0.000186971461516805
2616, 0.0001865983649622649
2617, 0.00018644989177118987
2618, 0.00018647046817932278
2619, 0.00018657378677744418
2620, 0.0001866826059995219
2621, 0.0001867573882918805
2622, 0.00018676655599847436
2623, 0.000186727280379273
2624, 0.0001866221718955785
2625, 0.00018648157129064202
2626, 0.00018628238467499614
2627, 0.0001860626507550478
2628, 0.00018581253243610263
2629, 0.00018556985014583915
2630, 0.00018532626563683152
2631, 0.0001851051492849365
2632, 0.0001848934480221942
2633, 0.0001847011299105361
2634, 0.00018451815412845463
2635, 0.00018435859237797558
2636, 0.0001842179335653782
2637, 0.00018411141354590654
2638, 0.00018403184367343783
2639, 0.0001839978649513796
2640, 0.00018400528642814606
2641, 0.0001840893382905051
2642, 0.000184253032784909
2643, 0.00018456675752531737
2644, 0.000185041397344321
2645, 0.00018582039047032595
2646, 0.00018692718003876507
2647, 0.00018868914048653096
2648, 0.00019114009046461433
2649, 0.00019506840908434242
2650, 0.0002004344278248027
2651, 0.00020922366820741445
2652, 0.0002208553341915831
2653, 0.00024046430189628154
2654, 0.00026474567130208015
2655, 0.00030680009513162076
2656, 0.00035178649704903364
2657, 0.00043047251529060304
2658, 0.0004889214178547263
2659, 0.0005877312505617738
2660, 0.000593010860029608
2661, 0.0006047344068065286
2662, 0.0004761334857903421
2663, 0.0003498143923934549
2664, 0.00022667770099360496
2665, 0.00018553306290414184
2666, 0.00022184064437169582
2667, 0.00028580817161127925
2668, 0.00033414861536584795
2669, 0.0003155748709104955
2670, 0.000273017561994493
2671, 0.00022033881396055222
2672, 0.000198990004719235
2673, 0.00020903338736388832
2674, 0.00022883800556883216
2675, 0.0002425717539153993
2676, 0.00023620280262548476
2677, 0.000223070484935306
2678, 0.00020593969384208322
2679, 0.00019642291590571404
2680, 0.00019529246492311358
2681, 0.00019905384397134185
2682, 0.000204041731194593
2683, 0.00020530597248580307
2684, 0.0002041399129666388
2685, 0.00019764481112360954
2686, 0.00018980463210027665
2687, 0.00018323931726627052
2688, 0.0001817487645894289
2689, 0.00018557044677436352
2690, 0.00019082990183960646
2691, 0.00019408369553275406
2692, 0.00019147104467265308
2693, 0.00018554128473624587
2694, 0.00017913772899191827
2695, 0.00017611183284316212
2696, 0.00017712173576001078
2697, 0.0001802458573365584
2698, 0.0001829009415814653
2699, 0.00018313390319235623
2700, 0.00018167361849918962
2701, 0.00017934465722646564
2702, 0.00017761604976840317
2703, 0.00017672507965471596
2704, 0.00017646726337261498
2705, 0.00017632285016588867
2706, 0.00017602002480998635
2707, 0.00017561728600412607
2708, 0.00017528911121189594
2709, 0.00017521654081065208
2710, 0.00017535783990751952
2711, 0.00017555862723384053
2712, 0.00017559979460202157
2713, 0.00017538765678182244
2714, 0.0001748438662616536
2715, 0.00017413456225767732
2716, 0.0001733932294882834
2717, 0.00017283274792134762
2718, 0.00017251435201615095
2719, 0.00017241458408534527
2720, 0.00017242698231711984
2721, 0.0001724296889733523
2722, 0.00017234992992598563
2723, 0.000172169748111628
2724, 0.00017196754924952984
2725, 0.00017180012946482748
2726, 0.00017171156650874764
2727, 0.0001716830302029848
2728, 0.00017168349586427212
2729, 0.00017165848112199455
2730, 0.00017159142589662224
2731, 0.00017147358448710293
2732, 0.00017134715744759887
2733, 0.00017122755525633693
2734, 0.00017116108210757375
2735, 0.00017114143702201545
2736, 0.0001711952209006995
2737, 0.0001713039237074554
2738, 0.00017150839266832918
2739, 0.0001717929553706199
2740, 0.00017224861949216574
2741, 0.00017287273658439517
2742, 0.00017385005776304752
2743, 0.00017518301319796592
2744, 0.00017726478108670563
2745, 0.00018006321624852717
2746, 0.00018449471099302173
2747, 0.0001903297088574618
2748, 0.0001997968356590718
2749, 0.00021178940369281918
2750, 0.00023181369761005044
2751, 0.0002553107915446162
2752, 0.00029552282649092376
2753, 0.00033562479075044394
2754, 0.00040469810483045876
2755, 0.0004504732205532491
2756, 0.0005269396351650357
2757, 0.0005214862176217139
2758, 0.0005191760719753802
2759, 0.00041055819019675255
2760, 0.00030688694096170366
2761, 0.00020848737040068954
2762, 0.00017291592666879296
2763, 0.00019708772015292197
2764, 0.0002465478901285678
2765, 0.0002874470083042979
2766, 0.00028107676189392805
2767, 0.00025236516376025975
2768, 0.00021042258595116436
2769, 0.00019083733786828816
2770, 0.00019662821432575583
2771, 0.000211568723898381
2772, 0.00022246911248657852
2773, 0.0002142066223314032
2774, 0.00019792433886323124
2775, 0.0001820171601139009
2776, 0.00017639518773648888
2777, 0.00018173657008446753
2778, 0.0001908996346173808
2779, 0.00019671395421028137
2780, 0.0001920438662637025
2781, 0.00018152788106817752
2782, 0.00017094003851525486
2783, 0.00016657193191349506
2784, 0.00016937895270530134
2785, 0.00017569138435646892
2786, 0.00018056305998470634
2787, 0.0001800415338948369
2788, 0.00017522051348350942
2789, 0.00016856205184012651
2790, 0.0001643387513468042
2791, 0.0001641100097913295
2792, 0.00016667188901919872
2793, 0.000169658669619821
2794, 0.0001707899646135047
2795, 0.00016967044211924076
2796, 0.00016694750229362398
2797, 0.0001643210998736322
2798, 0.00016287867038045079
2799, 0.0001630002079764381
2800, 0.00016407499788329005
2801, 0.00016512622823938727
2802, 0.00016551912995055318
2803, 0.00016505860548932105
2804, 0.00016406962822657079
2805, 0.00016293535009026527
2806, 0.00016208813758566976
2807, 0.00016166360001079738
2808, 0.00016165274428203702
2809, 0.00016184760897886008
2810, 0.0001620215771254152
2811, 0.00016206008149310946
2812, 0.00016190983296837658
2813, 0.00016160837549250573
2814, 0.00016118952771648765
2815, 0.00016077861073426902
2816, 0.00016040824993979186
2817, 0.0001601606054464355
2818, 0.00016003554628696293
2819, 0.00016001412586774677
2820, 0.00016006830264814198
2821, 0.00016014966240618378
2822, 0.00016023109492380172
2823, 0.00016027988749556243
2824, 0.00016033514111768454
2825, 0.00016041792696341872
2826, 0.00016064582450781018
2827, 0.00016107159899547696
2828, 0.0001618955284357071
2829, 0.00016318290727213025
2830, 0.00016538583440706134
2831, 0.00016853344277478755
2832, 0.0001737960265018046
2833, 0.00018093692779075354
2834, 0.00019305036403238773
2835, 0.000208306621061638
2836, 0.0002348802809137851
2837, 0.0002635572454892099
2838, 0.00031417986610904336
2839, 0.00035435345489531755
2840, 0.00042658273014239967
2841, 0.0004528577846940607
2842, 0.0005121707217767835
2843, 0.0004892616416327655
2844, 0.0004913242300972342
2845, 0.0004137741925660521
2846, 0.00035268175997771323
2847, 0.0002697776653803885
2848, 0.00022869024542160332
2849, 0.00021621721680276096
2850, 0.00022261732374317944
2851, 0.00024305604165419936
2852, 0.00025494734290987253
2853, 0.0002641746832523495
2854, 0.00024137154105119407
2855, 0.00020431418670341372
2856, 0.00016884977230802178
2857, 0.00016760088328737766
2858, 0.0001938711357070133
2859, 0.00021428715263027698
2860, 0.0002063447464024648
2861, 0.00018213810108136386
2862, 0.0001693610829534009
2863, 0.00017061863036360592
2864, 0.000175363733433187
2865, 0.00017369346460327506
2866, 0.00017273606499657035
2867, 0.00017300149193033576
2868, 0.0001693277881713584
2869, 0.00016430209507234395
2870, 0.00016388780204579234
2871, 0.00016837191651575267
2872, 0.00017045906861312687
2873, 0.0001639995607547462
2874, 0.00015669435379095376
2875, 0.00015500385779887438
2876, 0.00015811296179890633
2877, 0.000161439529620111
2878, 0.00016041880007833242
2879, 0.0001585285790497437
2880, 0.00015739465015940368
2881, 0.0001572058245074004
2882, 0.00015653923037461936
2883, 0.0001560096425237134
2884, 0.0001563272235216573
2885, 0.00015694252215325832
2886, 0.00015614370931871235
2887, 0.0001541082456242293
2888, 0.00015251706645358354
2889, 0.0001525266852695495
2890, 0.0001533615286462009
2891, 0.0001536404888611287
2892, 0.00015308716683648527
2893, 0.00015233238809742033
2894, 0.00015184475341811776
2895, 0.0001516534830443561
2896, 0.0001515778712928295
2897, 0.00015153104322962463
2898, 0.0001514992763986811
2899, 0.00015151730622164905
2900, 0.00015152007108554244
2901, 0.00015133283159229904
2902, 0.00015099995653145015
2903, 0.0001506945991422981
2904, 0.00015070119115989655
2905, 0.00015095282287802547
2906, 0.00015121932665351778
2907, 0.00015137276204768568
2908, 0.00015151480329222977
2909, 0.000151846106746234
2910, 0.00015244084352161735
2911, 0.00015341059770435095
2912, 0.00015476848057005554
2913, 0.00015693073510192335
2914, 0.00015987877850420773
2915, 0.0001647003082325682
2916, 0.00017094971553888172
2917, 0.00018140504835173488
2918, 0.00019426655489951372
